name,age,city,phone
Reza,10,Mashhad,989052315520
Ali,12,Tehran,989052315521
Sara,15,Isfahan,989052315522
Mohammad,20,Shiraz,989052315523
Fatemeh,18,Tabriz,989052315524
Hossein,25,Qom,989052315525
Zahra,22,Karaj,989052315526
Mehdi,30,Ahvaz,989052315527
Maryam,28,Kerman,989052315528
Narges,19,Urmia,989052315529
Amir,35,Rasht,989052315530
Hassan,40,Hamadan,989052315531
Leila,32,Yazd,989052315532
Parsa,27,Arak,989052315533
Shirin,24,Zahedan,989052315534
Nima,29,Sanandaj,989052315535
Pouya,21,Khorramabad,989052315536
Amin,23,Bushehr,989052315537
Elham,26,Semnan,989052315538
Farhad,31,Gorgan,989052315539
Shahram,33,Sari,989052315540
Nasrin,34,Ardabil,989052315541
Kaveh,36,Zanjan,989052315542
Ramin,37,Qazvin,989052315543
Shima,38,Bojnurd,989052315544
Behnaz,39,Bandar Abbas,989052315545
Ehsan,41,Abadan,989052315546
Roya,42,Dezful,989052315547
Saeed,43,Shahrekord,989052315548
Hoda,44,Saveh,989052315549
Milad,45,Maragheh,989052315550
Samira,46,Shahrud,989052315551
Navid,47,Amol,989052315552
Yasaman,48,Semnan,989052315553
Babak,49,Varamin,989052315554
Shahab,50,Shushtar,989052315555
Arman,51,Chalus,989052315556
Pegah,52,Astara,989052315557
Kian,53,Nowshahr,989052315558
Taraneh,54,Shahriar,989052315559
Farzaneh,55,Shahinshahr,989052315560
Bahram,56,Malayer,989052315561
Shahrokh,57,Khoy,989052315562
Giti,58,Marvdasht,989052315563
Kamran,59,Shahroud,989052315564
Niloofar,60,Shushtar,989052315565
Arash,61,Shiraz,989052315566
Setareh,62,Tehran,989052315567
Dariush,63,Mashhad,989052315568